<?xml version="1.0" encoding="UTF-8"?>
<project-private xmlns="http://www.netbeans.org/ns/project-private/1">
    <editor-bookmarks xmlns="http://www.netbeans.org/ns/editor-bookmarks/2" lastBookmarkId="0"/>
    <open-files xmlns="http://www.netbeans.org/ns/projectui-open-files/2">
        <group>
            <file>file:/C:/Users/Multezem%20Kedir/Downloads/New%20Compressed%20(zipped)%20Folder/Mkedir_Lab1/Mkedir_Lab1/src/Main.java</file>
            <file>file:/C:/Users/Multezem%20Kedir/Downloads/New%20Compressed%20(zipped)%20Folder/Mkedir_Lab1/Mkedir_Lab1/src/ArrayClass.java</file>
        </group>
    </open-files>
</project-private>
